rho,theta
-4.857548595362712263e+02,-1.563104170819247685e+00
9.370000000000000000e+02,1.588249599999999928e+00
1.069000000000000000e+03,7.330383000000000315e-01
-1.173000000000000000e+03,2.844886499999999874e+00
