rho,theta
1034.833556312505,1.5820318090528593
